﻿<?xml version="1.0"?>
<doc>
<assembly>
<name>
EonaLauncher
</name>
</assembly>
<members>
<member name="T:EonaLauncher.AnimatorPanel">
	<summary>
 Ein Animationspanel
 </summary>
	<remarks></remarks>
</member><member name="P:EonaLauncher.My.Resources.Resources.ResourceManager">
	<summary>
  Gibt die zwischengespeicherte ResourceManager-Instanz zurück, die von dieser Klasse verwendet wird.
</summary>
</member><member name="P:EonaLauncher.My.Resources.Resources.Culture">
	<summary>
  Überschreibt die CurrentUICulture-Eigenschaft des aktuellen Threads für alle
  Ressourcenzuordnungen, die diese stark typisierte Ressourcenklasse verwenden.
</summary>
</member><member name="T:EonaLauncher.My.Resources.Resources">
	<summary>
  Eine stark typisierte Ressourcenklasse zum Suchen von lokalisierten Zeichenfolgen usw.
</summary>
</member>
</members>
</doc>